id,name,timestamp
1,user_1,2026-02-06T11:29:46+01:00
2,user_2,2026-02-06T11:29:46+01:00
3,user_3,2026-02-06T11:29:46+01:00
4,user_4,2026-02-06T11:29:46+01:00
5,user_5,2026-02-06T11:29:46+01:00
6,user_6,2026-02-06T11:29:46+01:00
7,user_7,2026-02-06T11:29:46+01:00
8,user_8,2026-02-06T11:29:46+01:00
9,user_9,2026-02-06T11:29:46+01:00
10,user_10,2026-02-06T11:29:46+01:00
11,user_11,2026-02-06T11:29:46+01:00
12,user_12,2026-02-06T11:29:46+01:00
13,user_13,2026-02-06T11:29:46+01:00
14,user_14,2026-02-06T11:29:46+01:00
15,user_15,2026-02-06T11:29:46+01:00
16,user_16,2026-02-06T11:29:46+01:00
17,user_17,2026-02-06T11:29:46+01:00
18,user_18,2026-02-06T11:29:46+01:00
19,user_19,2026-02-06T11:29:46+01:00
20,user_20,2026-02-06T11:29:46+01:00
21,user_21,2026-02-06T11:29:46+01:00
22,user_22,2026-02-06T11:29:46+01:00
23,user_23,2026-02-06T11:29:46+01:00
24,user_24,2026-02-06T11:29:46+01:00
25,user_25,2026-02-06T11:29:46+01:00
26,user_26,2026-02-06T11:29:46+01:00
27,user_27,2026-02-06T11:29:46+01:00
28,user_28,2026-02-06T11:29:46+01:00
29,user_29,2026-02-06T11:29:46+01:00
30,user_30,2026-02-06T11:29:46+01:00
31,user_31,2026-02-06T11:29:46+01:00
32,user_32,2026-02-06T11:29:46+01:00
33,user_33,2026-02-06T11:29:46+01:00
34,user_34,2026-02-06T11:29:46+01:00
35,user_35,2026-02-06T11:29:46+01:00
36,user_36,2026-02-06T11:29:46+01:00
37,user_37,2026-02-06T11:29:46+01:00
38,user_38,2026-02-06T11:29:46+01:00
39,user_39,2026-02-06T11:29:46+01:00
40,user_40,2026-02-06T11:29:46+01:00
41,user_41,2026-02-06T11:29:46+01:00
42,user_42,2026-02-06T11:29:46+01:00
43,user_43,2026-02-06T11:29:46+01:00
44,user_44,2026-02-06T11:29:46+01:00
45,user_45,2026-02-06T11:29:46+01:00
46,user_46,2026-02-06T11:29:46+01:00
47,user_47,2026-02-06T11:29:46+01:00
48,user_48,2026-02-06T11:29:46+01:00
49,user_49,2026-02-06T11:29:46+01:00
50,user_50,2026-02-06T11:29:46+01:00
51,user_51,2026-02-06T11:29:46+01:00
52,user_52,2026-02-06T11:29:46+01:00
53,user_53,2026-02-06T11:29:46+01:00
54,user_54,2026-02-06T11:29:46+01:00
55,user_55,2026-02-06T11:29:46+01:00
56,user_56,2026-02-06T11:29:46+01:00
57,user_57,2026-02-06T11:29:46+01:00
58,user_58,2026-02-06T11:29:46+01:00
59,user_59,2026-02-06T11:29:46+01:00
60,user_60,2026-02-06T11:29:46+01:00
61,user_61,2026-02-06T11:29:46+01:00
62,user_62,2026-02-06T11:29:46+01:00
63,user_63,2026-02-06T11:29:46+01:00
64,user_64,2026-02-06T11:29:46+01:00
65,user_65,2026-02-06T11:29:46+01:00
66,user_66,2026-02-06T11:29:46+01:00
67,user_67,2026-02-06T11:29:46+01:00
68,user_68,2026-02-06T11:29:46+01:00
69,user_69,2026-02-06T11:29:46+01:00
70,user_70,2026-02-06T11:29:46+01:00
71,user_71,2026-02-06T11:29:46+01:00
72,user_72,2026-02-06T11:29:46+01:00
73,user_73,2026-02-06T11:29:46+01:00
74,user_74,2026-02-06T11:29:46+01:00
75,user_75,2026-02-06T11:29:46+01:00
76,user_76,2026-02-06T11:29:46+01:00
77,user_77,2026-02-06T11:29:46+01:00
78,user_78,2026-02-06T11:29:46+01:00
79,user_79,2026-02-06T11:29:46+01:00
80,user_80,2026-02-06T11:29:46+01:00
81,user_81,2026-02-06T11:29:46+01:00
82,user_82,2026-02-06T11:29:46+01:00
83,user_83,2026-02-06T11:29:46+01:00
84,user_84,2026-02-06T11:29:46+01:00
85,user_85,2026-02-06T11:29:46+01:00
86,user_86,2026-02-06T11:29:46+01:00
87,user_87,2026-02-06T11:29:46+01:00
88,user_88,2026-02-06T11:29:46+01:00
89,user_89,2026-02-06T11:29:46+01:00
90,user_90,2026-02-06T11:29:46+01:00
91,user_91,2026-02-06T11:29:46+01:00
92,user_92,2026-02-06T11:29:46+01:00
93,user_93,2026-02-06T11:29:46+01:00
94,user_94,2026-02-06T11:29:46+01:00
95,user_95,2026-02-06T11:29:46+01:00
96,user_96,2026-02-06T11:29:46+01:00
97,user_97,2026-02-06T11:29:46+01:00
98,user_98,2026-02-06T11:29:46+01:00
99,user_99,2026-02-06T11:29:46+01:00
100,user_100,2026-02-06T11:29:46+01:00
101,user_101,2026-02-06T11:29:46+01:00
102,user_102,2026-02-06T11:29:46+01:00
103,user_103,2026-02-06T11:29:46+01:00
104,user_104,2026-02-06T11:29:46+01:00
105,user_105,2026-02-06T11:29:46+01:00
106,user_106,2026-02-06T11:29:46+01:00
107,user_107,2026-02-06T11:29:46+01:00
108,user_108,2026-02-06T11:29:46+01:00
109,user_109,2026-02-06T11:29:46+01:00
110,user_110,2026-02-06T11:29:46+01:00
111,user_111,2026-02-06T11:29:46+01:00
112,user_112,2026-02-06T11:29:46+01:00
113,user_113,2026-02-06T11:29:46+01:00
114,user_114,2026-02-06T11:29:46+01:00
115,user_115,2026-02-06T11:29:46+01:00
116,user_116,2026-02-06T11:29:46+01:00
117,user_117,2026-02-06T11:29:46+01:00
118,user_118,2026-02-06T11:29:46+01:00
119,user_119,2026-02-06T11:29:46+01:00
120,user_120,2026-02-06T11:29:46+01:00
121,user_121,2026-02-06T11:29:46+01:00
122,user_122,2026-02-06T11:29:46+01:00
123,user_123,2026-02-06T11:29:46+01:00
124,user_124,2026-02-06T11:29:46+01:00
125,user_125,2026-02-06T11:29:46+01:00
126,user_126,2026-02-06T11:29:46+01:00
127,user_127,2026-02-06T11:29:46+01:00
128,user_128,2026-02-06T11:29:46+01:00
129,user_129,2026-02-06T11:29:46+01:00
130,user_130,2026-02-06T11:29:46+01:00
131,user_131,2026-02-06T11:29:46+01:00
132,user_132,2026-02-06T11:29:46+01:00
133,user_133,2026-02-06T11:29:46+01:00
134,user_134,2026-02-06T11:29:46+01:00
135,user_135,2026-02-06T11:29:46+01:00
136,user_136,2026-02-06T11:29:46+01:00
137,user_137,2026-02-06T11:29:46+01:00
138,user_138,2026-02-06T11:29:46+01:00
139,user_139,2026-02-06T11:29:46+01:00
140,user_140,2026-02-06T11:29:46+01:00
141,user_141,2026-02-06T11:29:46+01:00
142,user_142,2026-02-06T11:29:46+01:00
143,user_143,2026-02-06T11:29:46+01:00
144,user_144,2026-02-06T11:29:46+01:00
145,user_145,2026-02-06T11:29:46+01:00
146,user_146,2026-02-06T11:29:46+01:00
147,user_147,2026-02-06T11:29:46+01:00
148,user_148,2026-02-06T11:29:46+01:00
149,user_149,2026-02-06T11:29:46+01:00
150,user_150,2026-02-06T11:29:46+01:00
151,user_151,2026-02-06T11:29:46+01:00
152,user_152,2026-02-06T11:29:46+01:00
153,user_153,2026-02-06T11:29:46+01:00
154,user_154,2026-02-06T11:29:46+01:00
155,user_155,2026-02-06T11:29:46+01:00
156,user_156,2026-02-06T11:29:46+01:00
157,user_157,2026-02-06T11:29:46+01:00
158,user_158,2026-02-06T11:29:46+01:00
159,user_159,2026-02-06T11:29:46+01:00
160,user_160,2026-02-06T11:29:46+01:00
161,user_161,2026-02-06T11:29:46+01:00
162,user_162,2026-02-06T11:29:46+01:00
163,user_163,2026-02-06T11:29:46+01:00
164,user_164,2026-02-06T11:29:46+01:00
165,user_165,2026-02-06T11:29:46+01:00
166,user_166,2026-02-06T11:29:46+01:00
167,user_167,2026-02-06T11:29:46+01:00
168,user_168,2026-02-06T11:29:46+01:00
169,user_169,2026-02-06T11:29:46+01:00
170,user_170,2026-02-06T11:29:46+01:00
171,user_171,2026-02-06T11:29:46+01:00
172,user_172,2026-02-06T11:29:46+01:00
173,user_173,2026-02-06T11:29:46+01:00
174,user_174,2026-02-06T11:29:46+01:00
175,user_175,2026-02-06T11:29:46+01:00
176,user_176,2026-02-06T11:29:46+01:00
177,user_177,2026-02-06T11:29:46+01:00
178,user_178,2026-02-06T11:29:46+01:00
179,user_179,2026-02-06T11:29:46+01:00
180,user_180,2026-02-06T11:29:46+01:00
181,user_181,2026-02-06T11:29:46+01:00
182,user_182,2026-02-06T11:29:46+01:00
183,user_183,2026-02-06T11:29:46+01:00
184,user_184,2026-02-06T11:29:46+01:00
185,user_185,2026-02-06T11:29:46+01:00
186,user_186,2026-02-06T11:29:46+01:00
187,user_187,2026-02-06T11:29:46+01:00
188,user_188,2026-02-06T11:29:46+01:00
189,user_189,2026-02-06T11:29:46+01:00
190,user_190,2026-02-06T11:29:46+01:00
191,user_191,2026-02-06T11:29:46+01:00
192,user_192,2026-02-06T11:29:46+01:00
193,user_193,2026-02-06T11:29:46+01:00
194,user_194,2026-02-06T11:29:46+01:00
195,user_195,2026-02-06T11:29:46+01:00
196,user_196,2026-02-06T11:29:46+01:00
197,user_197,2026-02-06T11:29:46+01:00
198,user_198,2026-02-06T11:29:46+01:00
199,user_199,2026-02-06T11:29:46+01:00
200,user_200,2026-02-06T11:29:46+01:00
201,user_201,2026-02-06T11:29:46+01:00
202,user_202,2026-02-06T11:29:46+01:00
203,user_203,2026-02-06T11:29:46+01:00
204,user_204,2026-02-06T11:29:46+01:00
205,user_205,2026-02-06T11:29:46+01:00
206,user_206,2026-02-06T11:29:46+01:00
207,user_207,2026-02-06T11:29:46+01:00
208,user_208,2026-02-06T11:29:46+01:00
209,user_209,2026-02-06T11:29:46+01:00
210,user_210,2026-02-06T11:29:46+01:00
211,user_211,2026-02-06T11:29:46+01:00
212,user_212,2026-02-06T11:29:46+01:00
213,user_213,2026-02-06T11:29:46+01:00
214,user_214,2026-02-06T11:29:46+01:00
215,user_215,2026-02-06T11:29:46+01:00
216,user_216,2026-02-06T11:29:46+01:00
217,user_217,2026-02-06T11:29:46+01:00
218,user_218,2026-02-06T11:29:46+01:00
219,user_219,2026-02-06T11:29:46+01:00
220,user_220,2026-02-06T11:29:46+01:00
221,user_221,2026-02-06T11:29:46+01:00
222,user_222,2026-02-06T11:29:46+01:00
223,user_223,2026-02-06T11:29:46+01:00
224,user_224,2026-02-06T11:29:46+01:00
225,user_225,2026-02-06T11:29:46+01:00
226,user_226,2026-02-06T11:29:46+01:00
227,user_227,2026-02-06T11:29:46+01:00
228,user_228,2026-02-06T11:29:46+01:00
229,user_229,2026-02-06T11:29:46+01:00
230,user_230,2026-02-06T11:29:46+01:00
231,user_231,2026-02-06T11:29:46+01:00
232,user_232,2026-02-06T11:29:46+01:00
233,user_233,2026-02-06T11:29:46+01:00
234,user_234,2026-02-06T11:29:46+01:00
235,user_235,2026-02-06T11:29:46+01:00
236,user_236,2026-02-06T11:29:46+01:00
237,user_237,2026-02-06T11:29:46+01:00
238,user_238,2026-02-06T11:29:46+01:00
239,user_239,2026-02-06T11:29:46+01:00
240,user_240,2026-02-06T11:29:46+01:00
241,user_241,2026-02-06T11:29:46+01:00
242,user_242,2026-02-06T11:29:46+01:00
243,user_243,2026-02-06T11:29:46+01:00
244,user_244,2026-02-06T11:29:46+01:00
245,user_245,2026-02-06T11:29:46+01:00
246,user_246,2026-02-06T11:29:46+01:00
247,user_247,2026-02-06T11:29:46+01:00
248,user_248,2026-02-06T11:29:46+01:00
249,user_249,2026-02-06T11:29:46+01:00
250,user_250,2026-02-06T11:29:46+01:00
251,user_251,2026-02-06T11:29:46+01:00
252,user_252,2026-02-06T11:29:46+01:00
253,user_253,2026-02-06T11:29:46+01:00
254,user_254,2026-02-06T11:29:46+01:00
255,user_255,2026-02-06T11:29:46+01:00
256,user_256,2026-02-06T11:29:46+01:00
257,user_257,2026-02-06T11:29:46+01:00
258,user_258,2026-02-06T11:29:46+01:00
259,user_259,2026-02-06T11:29:46+01:00
260,user_260,2026-02-06T11:29:46+01:00
261,user_261,2026-02-06T11:29:46+01:00
262,user_262,2026-02-06T11:29:46+01:00
263,user_263,2026-02-06T11:29:46+01:00
264,user_264,2026-02-06T11:29:46+01:00
265,user_265,2026-02-06T11:29:46+01:00
266,user_266,2026-02-06T11:29:46+01:00
267,user_267,2026-02-06T11:29:46+01:00
268,user_268,2026-02-06T11:29:46+01:00
269,user_269,2026-02-06T11:29:46+01:00
270,user_270,2026-02-06T11:29:46+01:00
271,user_271,2026-02-06T11:29:46+01:00
272,user_272,2026-02-06T11:29:46+01:00
273,user_273,2026-02-06T11:29:46+01:00
274,user_274,2026-02-06T11:29:46+01:00
275,user_275,2026-02-06T11:29:46+01:00
276,user_276,2026-02-06T11:29:46+01:00
277,user_277,2026-02-06T11:29:46+01:00
278,user_278,2026-02-06T11:29:46+01:00
279,user_279,2026-02-06T11:29:46+01:00
280,user_280,2026-02-06T11:29:46+01:00
281,user_281,2026-02-06T11:29:46+01:00
282,user_282,2026-02-06T11:29:46+01:00
283,user_283,2026-02-06T11:29:46+01:00
284,user_284,2026-02-06T11:29:46+01:00
285,user_285,2026-02-06T11:29:46+01:00
286,user_286,2026-02-06T11:29:46+01:00
287,user_287,2026-02-06T11:29:46+01:00
288,user_288,2026-02-06T11:29:46+01:00
289,user_289,2026-02-06T11:29:46+01:00
290,user_290,2026-02-06T11:29:46+01:00
291,user_291,2026-02-06T11:29:46+01:00
292,user_292,2026-02-06T11:29:46+01:00
293,user_293,2026-02-06T11:29:46+01:00
294,user_294,2026-02-06T11:29:46+01:00
295,user_295,2026-02-06T11:29:46+01:00
296,user_296,2026-02-06T11:29:46+01:00
297,user_297,2026-02-06T11:29:46+01:00
298,user_298,2026-02-06T11:29:46+01:00
299,user_299,2026-02-06T11:29:46+01:00
300,user_300,2026-02-06T11:29:46+01:00
301,user_301,2026-02-06T11:29:46+01:00
302,user_302,2026-02-06T11:29:46+01:00
303,user_303,2026-02-06T11:29:46+01:00
304,user_304,2026-02-06T11:29:46+01:00
305,user_305,2026-02-06T11:29:46+01:00
306,user_306,2026-02-06T11:29:46+01:00
307,user_307,2026-02-06T11:29:46+01:00
308,user_308,2026-02-06T11:29:46+01:00
309,user_309,2026-02-06T11:29:46+01:00
310,user_310,2026-02-06T11:29:46+01:00
311,user_311,2026-02-06T11:29:46+01:00
312,user_312,2026-02-06T11:29:46+01:00
313,user_313,2026-02-06T11:29:46+01:00
314,user_314,2026-02-06T11:29:46+01:00
315,user_315,2026-02-06T11:29:46+01:00
316,user_316,2026-02-06T11:29:46+01:00
317,user_317,2026-02-06T11:29:46+01:00
318,user_318,2026-02-06T11:29:46+01:00
319,user_319,2026-02-06T11:29:46+01:00
320,user_320,2026-02-06T11:29:46+01:00
321,user_321,2026-02-06T11:29:46+01:00
322,user_322,2026-02-06T11:29:46+01:00
323,user_323,2026-02-06T11:29:46+01:00
324,user_324,2026-02-06T11:29:46+01:00
325,user_325,2026-02-06T11:29:46+01:00
326,user_326,2026-02-06T11:29:46+01:00
327,user_327,2026-02-06T11:29:46+01:00
328,user_328,2026-02-06T11:29:46+01:00
329,user_329,2026-02-06T11:29:46+01:00
330,user_330,2026-02-06T11:29:46+01:00
331,user_331,2026-02-06T11:29:46+01:00
332,user_332,2026-02-06T11:29:46+01:00
333,user_333,2026-02-06T11:29:46+01:00
334,user_334,2026-02-06T11:29:46+01:00
335,user_335,2026-02-06T11:29:46+01:00
336,user_336,2026-02-06T11:29:46+01:00
337,user_337,2026-02-06T11:29:46+01:00
338,user_338,2026-02-06T11:29:46+01:00
339,user_339,2026-02-06T11:29:46+01:00
340,user_340,2026-02-06T11:29:46+01:00
341,user_341,2026-02-06T11:29:46+01:00
342,user_342,2026-02-06T11:29:46+01:00
343,user_343,2026-02-06T11:29:46+01:00
344,user_344,2026-02-06T11:29:46+01:00
345,user_345,2026-02-06T11:29:46+01:00
346,user_346,2026-02-06T11:29:46+01:00
347,user_347,2026-02-06T11:29:46+01:00
348,user_348,2026-02-06T11:29:46+01:00
349,user_349,2026-02-06T11:29:46+01:00
350,user_350,2026-02-06T11:29:46+01:00
351,user_351,2026-02-06T11:29:46+01:00
352,user_352,2026-02-06T11:29:46+01:00
353,user_353,2026-02-06T11:29:46+01:00
354,user_354,2026-02-06T11:29:46+01:00
355,user_355,2026-02-06T11:29:46+01:00
356,user_356,2026-02-06T11:29:46+01:00
357,user_357,2026-02-06T11:29:46+01:00
358,user_358,2026-02-06T11:29:46+01:00
359,user_359,2026-02-06T11:29:46+01:00
360,user_360,2026-02-06T11:29:46+01:00
361,user_361,2026-02-06T11:29:46+01:00
362,user_362,2026-02-06T11:29:46+01:00
363,user_363,2026-02-06T11:29:46+01:00
364,user_364,2026-02-06T11:29:46+01:00
365,user_365,2026-02-06T11:29:46+01:00
366,user_366,2026-02-06T11:29:46+01:00
367,user_367,2026-02-06T11:29:46+01:00
368,user_368,2026-02-06T11:29:46+01:00
369,user_369,2026-02-06T11:29:46+01:00
370,user_370,2026-02-06T11:29:46+01:00
371,user_371,2026-02-06T11:29:46+01:00
372,user_372,2026-02-06T11:29:46+01:00
373,user_373,2026-02-06T11:29:46+01:00
374,user_374,2026-02-06T11:29:46+01:00
375,user_375,2026-02-06T11:29:46+01:00
376,user_376,2026-02-06T11:29:46+01:00
377,user_377,2026-02-06T11:29:46+01:00
378,user_378,2026-02-06T11:29:46+01:00
379,user_379,2026-02-06T11:29:46+01:00
380,user_380,2026-02-06T11:29:46+01:00
381,user_381,2026-02-06T11:29:46+01:00
382,user_382,2026-02-06T11:29:46+01:00
383,user_383,2026-02-06T11:29:46+01:00
384,user_384,2026-02-06T11:29:46+01:00
385,user_385,2026-02-06T11:29:46+01:00
386,user_386,2026-02-06T11:29:46+01:00
387,user_387,2026-02-06T11:29:46+01:00
388,user_388,2026-02-06T11:29:46+01:00
389,user_389,2026-02-06T11:29:46+01:00
390,user_390,2026-02-06T11:29:46+01:00
391,user_391,2026-02-06T11:29:46+01:00
392,user_392,2026-02-06T11:29:46+01:00
393,user_393,2026-02-06T11:29:46+01:00
394,user_394,2026-02-06T11:29:46+01:00
395,user_395,2026-02-06T11:29:46+01:00
396,user_396,2026-02-06T11:29:46+01:00
397,user_397,2026-02-06T11:29:46+01:00
398,user_398,2026-02-06T11:29:46+01:00
399,user_399,2026-02-06T11:29:46+01:00
400,user_400,2026-02-06T11:29:46+01:00
401,user_401,2026-02-06T11:29:46+01:00
402,user_402,2026-02-06T11:29:46+01:00
403,user_403,2026-02-06T11:29:46+01:00
404,user_404,2026-02-06T11:29:46+01:00
405,user_405,2026-02-06T11:29:46+01:00
406,user_406,2026-02-06T11:29:46+01:00
407,user_407,2026-02-06T11:29:46+01:00
408,user_408,2026-02-06T11:29:46+01:00
409,user_409,2026-02-06T11:29:46+01:00
410,user_410,2026-02-06T11:29:46+01:00
411,user_411,2026-02-06T11:29:46+01:00
412,user_412,2026-02-06T11:29:46+01:00
413,user_413,2026-02-06T11:29:46+01:00
414,user_414,2026-02-06T11:29:46+01:00
415,user_415,2026-02-06T11:29:46+01:00
416,user_416,2026-02-06T11:29:46+01:00
417,user_417,2026-02-06T11:29:46+01:00
418,user_418,2026-02-06T11:29:46+01:00
419,user_419,2026-02-06T11:29:46+01:00
420,user_420,2026-02-06T11:29:46+01:00
421,user_421,2026-02-06T11:29:46+01:00
422,user_422,2026-02-06T11:29:46+01:00
423,user_423,2026-02-06T11:29:46+01:00
424,user_424,2026-02-06T11:29:46+01:00
425,user_425,2026-02-06T11:29:46+01:00
426,user_426,2026-02-06T11:29:46+01:00
427,user_427,2026-02-06T11:29:46+01:00
428,user_428,2026-02-06T11:29:46+01:00
429,user_429,2026-02-06T11:29:46+01:00
430,user_430,2026-02-06T11:29:46+01:00
431,user_431,2026-02-06T11:29:46+01:00
432,user_432,2026-02-06T11:29:46+01:00
433,user_433,2026-02-06T11:29:46+01:00
434,user_434,2026-02-06T11:29:46+01:00
435,user_435,2026-02-06T11:29:46+01:00
436,user_436,2026-02-06T11:29:46+01:00
437,user_437,2026-02-06T11:29:46+01:00
438,user_438,2026-02-06T11:29:46+01:00
439,user_439,2026-02-06T11:29:46+01:00
440,user_440,2026-02-06T11:29:46+01:00
441,user_441,2026-02-06T11:29:46+01:00
442,user_442,2026-02-06T11:29:46+01:00
443,user_443,2026-02-06T11:29:46+01:00
444,user_444,2026-02-06T11:29:46+01:00
445,user_445,2026-02-06T11:29:46+01:00
446,user_446,2026-02-06T11:29:46+01:00
447,user_447,2026-02-06T11:29:46+01:00
448,user_448,2026-02-06T11:29:46+01:00
449,user_449,2026-02-06T11:29:46+01:00
450,user_450,2026-02-06T11:29:46+01:00
451,user_451,2026-02-06T11:29:46+01:00
452,user_452,2026-02-06T11:29:46+01:00
453,user_453,2026-02-06T11:29:46+01:00
454,user_454,2026-02-06T11:29:46+01:00
455,user_455,2026-02-06T11:29:46+01:00
456,user_456,2026-02-06T11:29:46+01:00
457,user_457,2026-02-06T11:29:46+01:00
458,user_458,2026-02-06T11:29:46+01:00
459,user_459,2026-02-06T11:29:46+01:00
460,user_460,2026-02-06T11:29:46+01:00
461,user_461,2026-02-06T11:29:46+01:00
462,user_462,2026-02-06T11:29:46+01:00
463,user_463,2026-02-06T11:29:46+01:00
464,user_464,2026-02-06T11:29:46+01:00
465,user_465,2026-02-06T11:29:46+01:00
466,user_466,2026-02-06T11:29:46+01:00
467,user_467,2026-02-06T11:29:46+01:00
468,user_468,2026-02-06T11:29:46+01:00
469,user_469,2026-02-06T11:29:46+01:00
470,user_470,2026-02-06T11:29:46+01:00
471,user_471,2026-02-06T11:29:46+01:00
472,user_472,2026-02-06T11:29:46+01:00
473,user_473,2026-02-06T11:29:46+01:00
474,user_474,2026-02-06T11:29:46+01:00
475,user_475,2026-02-06T11:29:46+01:00
476,user_476,2026-02-06T11:29:46+01:00
477,user_477,2026-02-06T11:29:46+01:00
478,user_478,2026-02-06T11:29:46+01:00
479,user_479,2026-02-06T11:29:46+01:00
480,user_480,2026-02-06T11:29:46+01:00
481,user_481,2026-02-06T11:29:46+01:00
482,user_482,2026-02-06T11:29:46+01:00
483,user_483,2026-02-06T11:29:46+01:00
484,user_484,2026-02-06T11:29:46+01:00
485,user_485,2026-02-06T11:29:46+01:00
486,user_486,2026-02-06T11:29:46+01:00
487,user_487,2026-02-06T11:29:46+01:00
488,user_488,2026-02-06T11:29:46+01:00
489,user_489,2026-02-06T11:29:46+01:00
490,user_490,2026-02-06T11:29:46+01:00
491,user_491,2026-02-06T11:29:46+01:00
492,user_492,2026-02-06T11:29:46+01:00
493,user_493,2026-02-06T11:29:46+01:00
494,user_494,2026-02-06T11:29:46+01:00
495,user_495,2026-02-06T11:29:46+01:00
496,user_496,2026-02-06T11:29:46+01:00
497,user_497,2026-02-06T11:29:46+01:00
498,user_498,2026-02-06T11:29:46+01:00
499,user_499,2026-02-06T11:29:46+01:00
500,user_500,2026-02-06T11:29:46+01:00
501,user_501,2026-02-06T11:29:46+01:00
502,user_502,2026-02-06T11:29:46+01:00
503,user_503,2026-02-06T11:29:46+01:00
504,user_504,2026-02-06T11:29:46+01:00
505,user_505,2026-02-06T11:29:46+01:00
506,user_506,2026-02-06T11:29:46+01:00
507,user_507,2026-02-06T11:29:46+01:00
508,user_508,2026-02-06T11:29:46+01:00
509,user_509,2026-02-06T11:29:46+01:00
510,user_510,2026-02-06T11:29:46+01:00
511,user_511,2026-02-06T11:29:46+01:00
512,user_512,2026-02-06T11:29:46+01:00
513,user_513,2026-02-06T11:29:46+01:00
514,user_514,2026-02-06T11:29:46+01:00
515,user_515,2026-02-06T11:29:46+01:00
516,user_516,2026-02-06T11:29:46+01:00
517,user_517,2026-02-06T11:29:46+01:00
518,user_518,2026-02-06T11:29:46+01:00
519,user_519,2026-02-06T11:29:46+01:00
520,user_520,2026-02-06T11:29:46+01:00
521,user_521,2026-02-06T11:29:46+01:00
522,user_522,2026-02-06T11:29:46+01:00
523,user_523,2026-02-06T11:29:46+01:00
524,user_524,2026-02-06T11:29:46+01:00
525,user_525,2026-02-06T11:29:46+01:00
526,user_526,2026-02-06T11:29:46+01:00
527,user_527,2026-02-06T11:29:46+01:00
528,user_528,2026-02-06T11:29:46+01:00
529,user_529,2026-02-06T11:29:46+01:00
530,user_530,2026-02-06T11:29:46+01:00
531,user_531,2026-02-06T11:29:46+01:00
532,user_532,2026-02-06T11:29:46+01:00
533,user_533,2026-02-06T11:29:46+01:00
534,user_534,2026-02-06T11:29:46+01:00
535,user_535,2026-02-06T11:29:46+01:00
536,user_536,2026-02-06T11:29:46+01:00
537,user_537,2026-02-06T11:29:46+01:00
538,user_538,2026-02-06T11:29:46+01:00
539,user_539,2026-02-06T11:29:46+01:00
540,user_540,2026-02-06T11:29:46+01:00
541,user_541,2026-02-06T11:29:46+01:00
542,user_542,2026-02-06T11:29:46+01:00
543,user_543,2026-02-06T11:29:46+01:00
544,user_544,2026-02-06T11:29:46+01:00
545,user_545,2026-02-06T11:29:46+01:00
546,user_546,2026-02-06T11:29:46+01:00
547,user_547,2026-02-06T11:29:46+01:00
548,user_548,2026-02-06T11:29:46+01:00
549,user_549,2026-02-06T11:29:46+01:00
550,user_550,2026-02-06T11:29:46+01:00
551,user_551,2026-02-06T11:29:46+01:00
552,user_552,2026-02-06T11:29:46+01:00
553,user_553,2026-02-06T11:29:46+01:00
554,user_554,2026-02-06T11:29:46+01:00
555,user_555,2026-02-06T11:29:46+01:00
556,user_556,2026-02-06T11:29:46+01:00
557,user_557,2026-02-06T11:29:46+01:00
558,user_558,2026-02-06T11:29:46+01:00
559,user_559,2026-02-06T11:29:46+01:00
560,user_560,2026-02-06T11:29:46+01:00
561,user_561,2026-02-06T11:29:46+01:00
562,user_562,2026-02-06T11:29:46+01:00
563,user_563,2026-02-06T11:29:46+01:00
564,user_564,2026-02-06T11:29:46+01:00
565,user_565,2026-02-06T11:29:46+01:00
566,user_566,2026-02-06T11:29:46+01:00
567,user_567,2026-02-06T11:29:46+01:00
568,user_568,2026-02-06T11:29:46+01:00
569,user_569,2026-02-06T11:29:46+01:00
570,user_570,2026-02-06T11:29:46+01:00
571,user_571,2026-02-06T11:29:46+01:00
572,user_572,2026-02-06T11:29:46+01:00
573,user_573,2026-02-06T11:29:46+01:00
574,user_574,2026-02-06T11:29:46+01:00
575,user_575,2026-02-06T11:29:46+01:00
576,user_576,2026-02-06T11:29:46+01:00
577,user_577,2026-02-06T11:29:46+01:00
578,user_578,2026-02-06T11:29:46+01:00
579,user_579,2026-02-06T11:29:46+01:00
580,user_580,2026-02-06T11:29:46+01:00
581,user_581,2026-02-06T11:29:46+01:00
582,user_582,2026-02-06T11:29:46+01:00
583,user_583,2026-02-06T11:29:46+01:00
584,user_584,2026-02-06T11:29:46+01:00
585,user_585,2026-02-06T11:29:46+01:00
586,user_586,2026-02-06T11:29:46+01:00
587,user_587,2026-02-06T11:29:46+01:00
588,user_588,2026-02-06T11:29:46+01:00
589,user_589,2026-02-06T11:29:46+01:00
590,user_590,2026-02-06T11:29:46+01:00
591,user_591,2026-02-06T11:29:46+01:00
592,user_592,2026-02-06T11:29:46+01:00
593,user_593,2026-02-06T11:29:46+01:00
594,user_594,2026-02-06T11:29:46+01:00
595,user_595,2026-02-06T11:29:46+01:00
596,user_596,2026-02-06T11:29:46+01:00
597,user_597,2026-02-06T11:29:46+01:00
598,user_598,2026-02-06T11:29:46+01:00
599,user_599,2026-02-06T11:29:46+01:00
600,user_600,2026-02-06T11:29:46+01:00
601,user_601,2026-02-06T11:29:46+01:00
602,user_602,2026-02-06T11:29:46+01:00
603,user_603,2026-02-06T11:29:46+01:00
604,user_604,2026-02-06T11:29:46+01:00
605,user_605,2026-02-06T11:29:46+01:00
606,user_606,2026-02-06T11:29:46+01:00
607,user_607,2026-02-06T11:29:46+01:00
608,user_608,2026-02-06T11:29:46+01:00
609,user_609,2026-02-06T11:29:46+01:00
610,user_610,2026-02-06T11:29:46+01:00
611,user_611,2026-02-06T11:29:46+01:00
612,user_612,2026-02-06T11:29:46+01:00
613,user_613,2026-02-06T11:29:46+01:00
614,user_614,2026-02-06T11:29:46+01:00
615,user_615,2026-02-06T11:29:46+01:00
616,user_616,2026-02-06T11:29:46+01:00
617,user_617,2026-02-06T11:29:46+01:00
618,user_618,2026-02-06T11:29:46+01:00
619,user_619,2026-02-06T11:29:46+01:00
620,user_620,2026-02-06T11:29:46+01:00
621,user_621,2026-02-06T11:29:46+01:00
622,user_622,2026-02-06T11:29:46+01:00
623,user_623,2026-02-06T11:29:46+01:00
624,user_624,2026-02-06T11:29:46+01:00
625,user_625,2026-02-06T11:29:46+01:00
626,user_626,2026-02-06T11:29:46+01:00
627,user_627,2026-02-06T11:29:46+01:00
628,user_628,2026-02-06T11:29:46+01:00
629,user_629,2026-02-06T11:29:46+01:00
630,user_630,2026-02-06T11:29:46+01:00
631,user_631,2026-02-06T11:29:46+01:00
632,user_632,2026-02-06T11:29:46+01:00
633,user_633,2026-02-06T11:29:46+01:00
634,user_634,2026-02-06T11:29:46+01:00
635,user_635,2026-02-06T11:29:46+01:00
636,user_636,2026-02-06T11:29:46+01:00
637,user_637,2026-02-06T11:29:46+01:00
638,user_638,2026-02-06T11:29:46+01:00
639,user_639,2026-02-06T11:29:46+01:00
640,user_640,2026-02-06T11:29:46+01:00
641,user_641,2026-02-06T11:29:46+01:00
642,user_642,2026-02-06T11:29:46+01:00
643,user_643,2026-02-06T11:29:46+01:00
644,user_644,2026-02-06T11:29:46+01:00
645,user_645,2026-02-06T11:29:46+01:00
646,user_646,2026-02-06T11:29:46+01:00
647,user_647,2026-02-06T11:29:46+01:00
648,user_648,2026-02-06T11:29:46+01:00
649,user_649,2026-02-06T11:29:46+01:00
650,user_650,2026-02-06T11:29:46+01:00
651,user_651,2026-02-06T11:29:46+01:00
652,user_652,2026-02-06T11:29:46+01:00
653,user_653,2026-02-06T11:29:46+01:00
654,user_654,2026-02-06T11:29:46+01:00
655,user_655,2026-02-06T11:29:46+01:00
656,user_656,2026-02-06T11:29:46+01:00
657,user_657,2026-02-06T11:29:46+01:00
658,user_658,2026-02-06T11:29:46+01:00
659,user_659,2026-02-06T11:29:46+01:00
660,user_660,2026-02-06T11:29:46+01:00
661,user_661,2026-02-06T11:29:46+01:00
662,user_662,2026-02-06T11:29:46+01:00
663,user_663,2026-02-06T11:29:46+01:00
664,user_664,2026-02-06T11:29:46+01:00
665,user_665,2026-02-06T11:29:46+01:00
666,user_666,2026-02-06T11:29:46+01:00
667,user_667,2026-02-06T11:29:46+01:00
668,user_668,2026-02-06T11:29:46+01:00
669,user_669,2026-02-06T11:29:46+01:00
670,user_670,2026-02-06T11:29:46+01:00
671,user_671,2026-02-06T11:29:46+01:00
672,user_672,2026-02-06T11:29:46+01:00
673,user_673,2026-02-06T11:29:46+01:00
674,user_674,2026-02-06T11:29:46+01:00
675,user_675,2026-02-06T11:29:46+01:00
676,user_676,2026-02-06T11:29:46+01:00
677,user_677,2026-02-06T11:29:46+01:00
678,user_678,2026-02-06T11:29:46+01:00
679,user_679,2026-02-06T11:29:46+01:00
680,user_680,2026-02-06T11:29:46+01:00
681,user_681,2026-02-06T11:29:46+01:00
682,user_682,2026-02-06T11:29:46+01:00
683,user_683,2026-02-06T11:29:46+01:00
684,user_684,2026-02-06T11:29:46+01:00
685,user_685,2026-02-06T11:29:46+01:00
686,user_686,2026-02-06T11:29:46+01:00
687,user_687,2026-02-06T11:29:46+01:00
688,user_688,2026-02-06T11:29:46+01:00
689,user_689,2026-02-06T11:29:46+01:00
690,user_690,2026-02-06T11:29:46+01:00
691,user_691,2026-02-06T11:29:46+01:00
692,user_692,2026-02-06T11:29:46+01:00
693,user_693,2026-02-06T11:29:46+01:00
694,user_694,2026-02-06T11:29:46+01:00
695,user_695,2026-02-06T11:29:46+01:00
696,user_696,2026-02-06T11:29:46+01:00
697,user_697,2026-02-06T11:29:46+01:00
698,user_698,2026-02-06T11:29:46+01:00
699,user_699,2026-02-06T11:29:46+01:00
700,user_700,2026-02-06T11:29:46+01:00
701,user_701,2026-02-06T11:29:46+01:00
702,user_702,2026-02-06T11:29:46+01:00
703,user_703,2026-02-06T11:29:46+01:00
704,user_704,2026-02-06T11:29:46+01:00
705,user_705,2026-02-06T11:29:46+01:00
706,user_706,2026-02-06T11:29:46+01:00
707,user_707,2026-02-06T11:29:46+01:00
708,user_708,2026-02-06T11:29:46+01:00
709,user_709,2026-02-06T11:29:46+01:00
710,user_710,2026-02-06T11:29:46+01:00
711,user_711,2026-02-06T11:29:46+01:00
712,user_712,2026-02-06T11:29:46+01:00
713,user_713,2026-02-06T11:29:46+01:00
714,user_714,2026-02-06T11:29:46+01:00
715,user_715,2026-02-06T11:29:46+01:00
716,user_716,2026-02-06T11:29:46+01:00
717,user_717,2026-02-06T11:29:46+01:00
718,user_718,2026-02-06T11:29:46+01:00
719,user_719,2026-02-06T11:29:46+01:00
720,user_720,2026-02-06T11:29:46+01:00
721,user_721,2026-02-06T11:29:46+01:00
722,user_722,2026-02-06T11:29:46+01:00
723,user_723,2026-02-06T11:29:46+01:00
724,user_724,2026-02-06T11:29:46+01:00
725,user_725,2026-02-06T11:29:46+01:00
726,user_726,2026-02-06T11:29:46+01:00
727,user_727,2026-02-06T11:29:46+01:00
728,user_728,2026-02-06T11:29:46+01:00
729,user_729,2026-02-06T11:29:46+01:00
730,user_730,2026-02-06T11:29:46+01:00
731,user_731,2026-02-06T11:29:46+01:00
732,user_732,2026-02-06T11:29:46+01:00
733,user_733,2026-02-06T11:29:46+01:00
734,user_734,2026-02-06T11:29:46+01:00
735,user_735,2026-02-06T11:29:46+01:00
736,user_736,2026-02-06T11:29:46+01:00
737,user_737,2026-02-06T11:29:46+01:00
738,user_738,2026-02-06T11:29:46+01:00
739,user_739,2026-02-06T11:29:46+01:00
740,user_740,2026-02-06T11:29:46+01:00
741,user_741,2026-02-06T11:29:46+01:00
742,user_742,2026-02-06T11:29:46+01:00
743,user_743,2026-02-06T11:29:46+01:00
744,user_744,2026-02-06T11:29:46+01:00
745,user_745,2026-02-06T11:29:46+01:00
746,user_746,2026-02-06T11:29:46+01:00
747,user_747,2026-02-06T11:29:46+01:00
748,user_748,2026-02-06T11:29:46+01:00
749,user_749,2026-02-06T11:29:46+01:00
750,user_750,2026-02-06T11:29:46+01:00
751,user_751,2026-02-06T11:29:46+01:00
752,user_752,2026-02-06T11:29:46+01:00
753,user_753,2026-02-06T11:29:46+01:00
754,user_754,2026-02-06T11:29:46+01:00
755,user_755,2026-02-06T11:29:46+01:00
756,user_756,2026-02-06T11:29:46+01:00
757,user_757,2026-02-06T11:29:46+01:00
758,user_758,2026-02-06T11:29:46+01:00
759,user_759,2026-02-06T11:29:46+01:00
760,user_760,2026-02-06T11:29:46+01:00
761,user_761,2026-02-06T11:29:46+01:00
762,user_762,2026-02-06T11:29:46+01:00
763,user_763,2026-02-06T11:29:46+01:00
764,user_764,2026-02-06T11:29:46+01:00
765,user_765,2026-02-06T11:29:46+01:00
766,user_766,2026-02-06T11:29:46+01:00
767,user_767,2026-02-06T11:29:46+01:00
768,user_768,2026-02-06T11:29:46+01:00
769,user_769,2026-02-06T11:29:46+01:00
770,user_770,2026-02-06T11:29:46+01:00
771,user_771,2026-02-06T11:29:46+01:00
772,user_772,2026-02-06T11:29:46+01:00
773,user_773,2026-02-06T11:29:46+01:00
774,user_774,2026-02-06T11:29:46+01:00
775,user_775,2026-02-06T11:29:46+01:00
776,user_776,2026-02-06T11:29:46+01:00
777,user_777,2026-02-06T11:29:46+01:00
778,user_778,2026-02-06T11:29:46+01:00
779,user_779,2026-02-06T11:29:46+01:00
780,user_780,2026-02-06T11:29:46+01:00
781,user_781,2026-02-06T11:29:46+01:00
782,user_782,2026-02-06T11:29:46+01:00
783,user_783,2026-02-06T11:29:46+01:00
784,user_784,2026-02-06T11:29:46+01:00
785,user_785,2026-02-06T11:29:46+01:00
786,user_786,2026-02-06T11:29:46+01:00
787,user_787,2026-02-06T11:29:46+01:00
788,user_788,2026-02-06T11:29:46+01:00
789,user_789,2026-02-06T11:29:46+01:00
790,user_790,2026-02-06T11:29:46+01:00
791,user_791,2026-02-06T11:29:46+01:00
792,user_792,2026-02-06T11:29:46+01:00
793,user_793,2026-02-06T11:29:46+01:00
794,user_794,2026-02-06T11:29:46+01:00
795,user_795,2026-02-06T11:29:46+01:00
796,user_796,2026-02-06T11:29:46+01:00
797,user_797,2026-02-06T11:29:46+01:00
798,user_798,2026-02-06T11:29:46+01:00
799,user_799,2026-02-06T11:29:46+01:00
800,user_800,2026-02-06T11:29:46+01:00
801,user_801,2026-02-06T11:29:46+01:00
802,user_802,2026-02-06T11:29:46+01:00
803,user_803,2026-02-06T11:29:46+01:00
804,user_804,2026-02-06T11:29:46+01:00
805,user_805,2026-02-06T11:29:46+01:00
806,user_806,2026-02-06T11:29:46+01:00
807,user_807,2026-02-06T11:29:46+01:00
808,user_808,2026-02-06T11:29:46+01:00
809,user_809,2026-02-06T11:29:46+01:00
810,user_810,2026-02-06T11:29:46+01:00
811,user_811,2026-02-06T11:29:46+01:00
812,user_812,2026-02-06T11:29:46+01:00
813,user_813,2026-02-06T11:29:46+01:00
814,user_814,2026-02-06T11:29:46+01:00
815,user_815,2026-02-06T11:29:46+01:00
816,user_816,2026-02-06T11:29:46+01:00
817,user_817,2026-02-06T11:29:46+01:00
818,user_818,2026-02-06T11:29:46+01:00
819,user_819,2026-02-06T11:29:46+01:00
820,user_820,2026-02-06T11:29:46+01:00
821,user_821,2026-02-06T11:29:46+01:00
822,user_822,2026-02-06T11:29:46+01:00
823,user_823,2026-02-06T11:29:46+01:00
824,user_824,2026-02-06T11:29:46+01:00
825,user_825,2026-02-06T11:29:46+01:00
826,user_826,2026-02-06T11:29:46+01:00
827,user_827,2026-02-06T11:29:46+01:00
828,user_828,2026-02-06T11:29:46+01:00
829,user_829,2026-02-06T11:29:46+01:00
830,user_830,2026-02-06T11:29:46+01:00
831,user_831,2026-02-06T11:29:46+01:00
832,user_832,2026-02-06T11:29:46+01:00
833,user_833,2026-02-06T11:29:46+01:00
834,user_834,2026-02-06T11:29:46+01:00
835,user_835,2026-02-06T11:29:46+01:00
836,user_836,2026-02-06T11:29:46+01:00
837,user_837,2026-02-06T11:29:46+01:00
838,user_838,2026-02-06T11:29:46+01:00
839,user_839,2026-02-06T11:29:46+01:00
840,user_840,2026-02-06T11:29:46+01:00
841,user_841,2026-02-06T11:29:46+01:00
842,user_842,2026-02-06T11:29:46+01:00
843,user_843,2026-02-06T11:29:46+01:00
844,user_844,2026-02-06T11:29:46+01:00
845,user_845,2026-02-06T11:29:46+01:00
846,user_846,2026-02-06T11:29:46+01:00
847,user_847,2026-02-06T11:29:46+01:00
848,user_848,2026-02-06T11:29:46+01:00
849,user_849,2026-02-06T11:29:46+01:00
850,user_850,2026-02-06T11:29:46+01:00
851,user_851,2026-02-06T11:29:46+01:00
852,user_852,2026-02-06T11:29:46+01:00
853,user_853,2026-02-06T11:29:46+01:00
854,user_854,2026-02-06T11:29:46+01:00
855,user_855,2026-02-06T11:29:46+01:00
856,user_856,2026-02-06T11:29:46+01:00
857,user_857,2026-02-06T11:29:46+01:00
858,user_858,2026-02-06T11:29:46+01:00
859,user_859,2026-02-06T11:29:46+01:00
860,user_860,2026-02-06T11:29:46+01:00
861,user_861,2026-02-06T11:29:46+01:00
862,user_862,2026-02-06T11:29:46+01:00
863,user_863,2026-02-06T11:29:46+01:00
864,user_864,2026-02-06T11:29:46+01:00
865,user_865,2026-02-06T11:29:46+01:00
866,user_866,2026-02-06T11:29:46+01:00
867,user_867,2026-02-06T11:29:46+01:00
868,user_868,2026-02-06T11:29:46+01:00
869,user_869,2026-02-06T11:29:46+01:00
870,user_870,2026-02-06T11:29:46+01:00
871,user_871,2026-02-06T11:29:46+01:00
872,user_872,2026-02-06T11:29:46+01:00
873,user_873,2026-02-06T11:29:46+01:00
874,user_874,2026-02-06T11:29:46+01:00
875,user_875,2026-02-06T11:29:46+01:00
876,user_876,2026-02-06T11:29:46+01:00
877,user_877,2026-02-06T11:29:46+01:00
878,user_878,2026-02-06T11:29:46+01:00
879,user_879,2026-02-06T11:29:46+01:00
880,user_880,2026-02-06T11:29:46+01:00
881,user_881,2026-02-06T11:29:46+01:00
882,user_882,2026-02-06T11:29:46+01:00
883,user_883,2026-02-06T11:29:46+01:00
884,user_884,2026-02-06T11:29:46+01:00
885,user_885,2026-02-06T11:29:46+01:00
886,user_886,2026-02-06T11:29:46+01:00
887,user_887,2026-02-06T11:29:46+01:00
888,user_888,2026-02-06T11:29:46+01:00
889,user_889,2026-02-06T11:29:46+01:00
890,user_890,2026-02-06T11:29:46+01:00
891,user_891,2026-02-06T11:29:46+01:00
892,user_892,2026-02-06T11:29:46+01:00
893,user_893,2026-02-06T11:29:46+01:00
894,user_894,2026-02-06T11:29:46+01:00
895,user_895,2026-02-06T11:29:46+01:00
896,user_896,2026-02-06T11:29:46+01:00
897,user_897,2026-02-06T11:29:46+01:00
898,user_898,2026-02-06T11:29:46+01:00
899,user_899,2026-02-06T11:29:46+01:00
900,user_900,2026-02-06T11:29:46+01:00
901,user_901,2026-02-06T11:29:46+01:00
902,user_902,2026-02-06T11:29:46+01:00
903,user_903,2026-02-06T11:29:46+01:00
904,user_904,2026-02-06T11:29:46+01:00
905,user_905,2026-02-06T11:29:46+01:00
906,user_906,2026-02-06T11:29:46+01:00
907,user_907,2026-02-06T11:29:46+01:00
908,user_908,2026-02-06T11:29:46+01:00
909,user_909,2026-02-06T11:29:46+01:00
910,user_910,2026-02-06T11:29:46+01:00
911,user_911,2026-02-06T11:29:46+01:00
912,user_912,2026-02-06T11:29:46+01:00
913,user_913,2026-02-06T11:29:46+01:00
914,user_914,2026-02-06T11:29:46+01:00
915,user_915,2026-02-06T11:29:46+01:00
916,user_916,2026-02-06T11:29:46+01:00
917,user_917,2026-02-06T11:29:46+01:00
918,user_918,2026-02-06T11:29:46+01:00
919,user_919,2026-02-06T11:29:46+01:00
920,user_920,2026-02-06T11:29:46+01:00
921,user_921,2026-02-06T11:29:46+01:00
922,user_922,2026-02-06T11:29:46+01:00
923,user_923,2026-02-06T11:29:46+01:00
924,user_924,2026-02-06T11:29:46+01:00
925,user_925,2026-02-06T11:29:46+01:00
926,user_926,2026-02-06T11:29:46+01:00
927,user_927,2026-02-06T11:29:46+01:00
928,user_928,2026-02-06T11:29:46+01:00
929,user_929,2026-02-06T11:29:46+01:00
930,user_930,2026-02-06T11:29:46+01:00
931,user_931,2026-02-06T11:29:46+01:00
932,user_932,2026-02-06T11:29:46+01:00
933,user_933,2026-02-06T11:29:46+01:00
934,user_934,2026-02-06T11:29:46+01:00
935,user_935,2026-02-06T11:29:46+01:00
936,user_936,2026-02-06T11:29:46+01:00
937,user_937,2026-02-06T11:29:46+01:00
938,user_938,2026-02-06T11:29:46+01:00
939,user_939,2026-02-06T11:29:46+01:00
940,user_940,2026-02-06T11:29:46+01:00
941,user_941,2026-02-06T11:29:46+01:00
942,user_942,2026-02-06T11:29:46+01:00
943,user_943,2026-02-06T11:29:46+01:00
944,user_944,2026-02-06T11:29:46+01:00
945,user_945,2026-02-06T11:29:46+01:00
946,user_946,2026-02-06T11:29:46+01:00
947,user_947,2026-02-06T11:29:46+01:00
948,user_948,2026-02-06T11:29:46+01:00
949,user_949,2026-02-06T11:29:46+01:00
950,user_950,2026-02-06T11:29:46+01:00
951,user_951,2026-02-06T11:29:46+01:00
952,user_952,2026-02-06T11:29:46+01:00
953,user_953,2026-02-06T11:29:46+01:00
954,user_954,2026-02-06T11:29:46+01:00
955,user_955,2026-02-06T11:29:46+01:00
956,user_956,2026-02-06T11:29:46+01:00
957,user_957,2026-02-06T11:29:46+01:00
958,user_958,2026-02-06T11:29:46+01:00
959,user_959,2026-02-06T11:29:46+01:00
960,user_960,2026-02-06T11:29:46+01:00
961,user_961,2026-02-06T11:29:46+01:00
962,user_962,2026-02-06T11:29:46+01:00
963,user_963,2026-02-06T11:29:46+01:00
964,user_964,2026-02-06T11:29:46+01:00
965,user_965,2026-02-06T11:29:46+01:00
966,user_966,2026-02-06T11:29:46+01:00
967,user_967,2026-02-06T11:29:46+01:00
968,user_968,2026-02-06T11:29:46+01:00
969,user_969,2026-02-06T11:29:46+01:00
970,user_970,2026-02-06T11:29:46+01:00
971,user_971,2026-02-06T11:29:46+01:00
972,user_972,2026-02-06T11:29:46+01:00
973,user_973,2026-02-06T11:29:46+01:00
974,user_974,2026-02-06T11:29:46+01:00
975,user_975,2026-02-06T11:29:46+01:00
976,user_976,2026-02-06T11:29:46+01:00
977,user_977,2026-02-06T11:29:46+01:00
978,user_978,2026-02-06T11:29:46+01:00
979,user_979,2026-02-06T11:29:46+01:00
980,user_980,2026-02-06T11:29:46+01:00
981,user_981,2026-02-06T11:29:46+01:00
982,user_982,2026-02-06T11:29:46+01:00
983,user_983,2026-02-06T11:29:46+01:00
984,user_984,2026-02-06T11:29:46+01:00
985,user_985,2026-02-06T11:29:46+01:00
986,user_986,2026-02-06T11:29:46+01:00
987,user_987,2026-02-06T11:29:46+01:00
988,user_988,2026-02-06T11:29:46+01:00
989,user_989,2026-02-06T11:29:46+01:00
990,user_990,2026-02-06T11:29:46+01:00
991,user_991,2026-02-06T11:29:46+01:00
992,user_992,2026-02-06T11:29:46+01:00
993,user_993,2026-02-06T11:29:46+01:00
994,user_994,2026-02-06T11:29:46+01:00
995,user_995,2026-02-06T11:29:46+01:00
996,user_996,2026-02-06T11:29:46+01:00
997,user_997,2026-02-06T11:29:46+01:00
998,user_998,2026-02-06T11:29:46+01:00
999,user_999,2026-02-06T11:29:46+01:00
